timestamp,action,resource_type,resource_id,name,repo,owner,environment,purpose,phase,version,created,ttl,cleanup,source_or_parent,issue_or_pr,status,notes
2026-10-01T05:11:59.745338+00:00,created,ECR,agentcore2-issue3-f1-20261001-490ceb,agentcore2-issue3-f1-20261001-490ceb,mytestlab123/agentcore2,amit,dev,Issue 3 focused live proof,F2-F5,129a602,2026-10-01,2026-10-02,review,sha256:a5d075a55fcfea1ef0f939b5a87b3f06b56f6af4450ae4ab2dc35ceb27fc09f9,Issue 3 / PR 5,RETAINED,"Ledger-owned readback; retain to lifecycle review, not automatic deletion"
2026-10-01T05:11:59.745450+00:00,created,IAM runtime role,AROAU3IT74FMVBSNQOV5M,agentcore2-issue3-f1-20261001-490ceb-runtime,mytestlab123/agentcore2,amit,dev,Issue 3 focused live proof,F2-F5,129a602,2026-10-01,2026-10-02,review,,Issue 3 / PR 5,RETAINED,"Ledger-owned readback; retain to lifecycle review, not automatic deletion"
2026-10-01T05:11:59.745503+00:00,created,AgentCore Harness,agentcore2_issue3_f1_20261001_490ceb-H5P1GwA0Dz,agentcore2_issue3_f1_20261001_490ceb,mytestlab123/agentcore2,amit,dev,Issue 3 focused live proof,F2-F5,129a602,2026-10-01,2026-10-02,review,,Issue 3 / PR 5,READY,"Ledger-owned readback; retain to lifecycle review, not automatic deletion"
2026-10-01T05:11:59.745546+00:00,created,AgentCore runtime,harness_agentcore2_issue3_f1_20261001_490ceb-BweAvqCRWl,harness_agentcore2_issue3_f1_20261001_490ceb,mytestlab123/agentcore2,amit,dev,Issue 3 focused live proof,F2-F5,129a602,2026-10-01,2026-10-02,review,agentcore2_issue3_f1_20261001_490ceb-H5P1GwA0Dz,Issue 3 / PR 5,READY,"Ledger-owned readback; retain to lifecycle review, not automatic deletion"
2026-10-01T05:11:59.745590+00:00,created,Incidental managed memory (DISABLED),agentcore2_issue3_f1_20261001_490ceb-88yDOqCjlK,agentcore2_issue3_f1_20261001_490ceb,mytestlab123/agentcore2,amit,dev,Issue 3 focused live proof,F2-F5,129a602,2026-10-01,2026-10-02,review,agentcore2_issue3_f1_20261001_490ceb-H5P1GwA0Dz,Issue 3 / PR 5,ACTIVE,"Ledger-owned readback; retain to lifecycle review, not automatic deletion"
2026-10-01T05:11:59.745635+00:00,created,Amplify preview A,d2g5d0gm32evnh,agentcore2-issue3-f1-20261001-490ceb-preview-a,mytestlab123/agentcore2,amit,dev,Issue 3 focused live proof,F2-F5,129a602,2026-10-01,2026-10-02,review,bcc520fc3661d90cb8102af402aa45a94700e26f15ea210326b6cea79752b779,Issue 3 / PR 5,SUCCEED,"Ledger-owned readback; retain to lifecycle review, not automatic deletion"
2026-10-01T05:11:59.745677+00:00,created,Amplify preview B,d2rar4n3w1jdwz,agentcore2-issue3-f1-20261001-490ceb-preview-b,mytestlab123/agentcore2,amit,dev,Issue 3 focused live proof,F2-F5,129a602,2026-10-01,2026-10-02,review,7b8e774b0096ec7bef819cfd9ec08abd8e3cc5c50dd8198c70b2bcf4aa328cc4,Issue 3 / PR 5,SUCCEED,"Ledger-owned readback; retain to lifecycle review, not automatic deletion"
2026-10-01T05:11:59.745719+00:00,created,Amplify preview C,d3j9c8b14om01m,agentcore2-issue3-f1-20261001-490ceb-preview-c,mytestlab123/agentcore2,amit,dev,Issue 3 focused live proof,F2-F5,129a602,2026-10-01,2026-10-02,review,4fb25d8edcb27698e74c3f927aaed2575d3d7673a36591d5224939674f902207,Issue 3 / PR 5,SUCCEED,"Ledger-owned readback; retain to lifecycle review, not automatic deletion"
2026-10-01T05:11:59.745761+00:00,deleted,S3 disposable canary,agentcore2-issue3-f1-20261001-490ceb-ssl-canary,agentcore2-issue3-f1-20261001-490ceb-ssl-canary,mytestlab123/agentcore2,amit,dev,Issue 3 focused live proof,F2-F5,129a602,2026-10-01,2026-10-02,delete,,Issue 3 / PR 5,DELETED,"Ledger-owned readback; retain to lifecycle review, not automatic deletion"
